<?xml version="1.0" encoding="UTF-8" ?>
<!--
 Licensed to the Apache Software Foundation (ASF) under one or more
 contributor license agreements.  See the NOTICE file distributed with
 this work for additional information regarding copyright ownership.
 The ASF licenses this file to You under the Apache License, Version 2.0
 (the "License"); you may not use this file except in compliance with
 the License.  You may obtain a copy of the License at

     http://www.apache.org/licenses/LICENSE-2.0

 Unless required by applicable law or agreed to in writing, software
 distributed under the License is distributed on an "AS IS" BASIS,
 WITHOUT WARRANTIES OR CONDITIONS OF ANY KIND, either express or implied.
 See the License for the specific language governing permissions and
 limitations under the License.
-->

<!--
     Default Solr configuration for a new core.

     For more details about configurations options that may appear in
     this file, see http://wiki.apache.org/solr/SolrConfigXml.
-->
<config>
  <luceneMatchVersion>9.8.0</luceneMatchVersion>

  <!-- The default high-performance update handler -->
  <updateHandler class="solr.DirectUpdateHandler2">
    <!-- Required for atomic updates -->
    <updateLog>
      <str name="dir">${solr.ulog.dir:}</str>
    </updateLog>
  </updateHandler>

  <!-- Required to do queries -->
  <requestHandler name="/select" class="solr.SearchHandler">
    <lst name="defaults">
      <!-- Select everything by default -->
      <str name="q">*:*</str>
    </lst>
  </requestHandler>

  <!-- Query configuration that should be beneficial to most cores -->
  <query>
    <!-- Lazy Field Loading
         If true, stored fields that are not requested will be loaded
         lazily.  This can result in a significant speed improvement
         if the usual case is to not load all stored fields,
         especially if the skipped fields are large compressed text
         fields.
    -->
    <enableLazyFieldLoading>true</enableLazyFieldLoading>
  </query>
</config>
